Cell,MouseID,Treatment,TumVol,Day,Figure
MAS98.06,Ctrl (HB124:2),Ctrl,309.4375,0,Fig. 4b
MAS98.06,Ctrl (HB124:2),Ctrl,345.75,3,Fig. 4b
MAS98.06,Ctrl (HB124:2),Ctrl,334.125,7,Fig. 4b
MAS98.06,Ctrl (HB124:2),Ctrl,362.5,11,Fig. 4b
MAS98.06,Ctrl (HB124:2),Ctrl,433.0625,14,Fig. 4b
MAS98.06,Ctrl (HB124:2),Ctrl,663.3125,17,Fig. 4b
MAS98.06,Ctrl (HB124:2),Ctrl,483,21,Fig. 4b
MAS98.06,Ctrl (HB124:2),Ctrl,524.6875,24,Fig. 4b
MAS98.06,Ctrl (HB124:2),Ctrl,736,28,Fig. 4b
MAS98.06,Ctrl (HB127:4),Ctrl,441.875,0,Fig. 4b
MAS98.06,Ctrl (HB127:6),Ctrl,236.5625,0,Fig. 4b
MAS98.06,Ctrl (HB131:3),Ctrl,348.5625,0,Fig. 4b
MAS98.06,Ctrl (HB131:3),Ctrl,380,3,Fig. 4b
MAS98.06,Ctrl (HB131:3),Ctrl,515.8125,7,Fig. 4b
MAS98.06,Ctrl (HB131:3),Ctrl,477.75,10,Fig. 4b
MAS98.06,Ctrl (HB131:3),Ctrl,576.5625,14,Fig. 4b
MAS98.06,Ctrl (HB131:3),Ctrl,588.5,16,Fig. 4b
MAS98.06,Ctrl (HB131:3),Ctrl,696.5625,20,Fig. 4b
MAS98.06,Ctrl (HB131:3),Ctrl,767.25,23,Fig. 4b
MAS98.06,Ctrl (HB131:3),Ctrl,977,28,Fig. 4b
MAS98.06,Ctrl (HB131:5),Ctrl,608,0,Fig. 4b
MAS98.06,Ctrl (HB131:5),Ctrl,548.4375,3,Fig. 4b
MAS98.06,Ctrl (HB131:5),Ctrl,838.5,7,Fig. 4b
MAS98.06,Ctrl (HB131:5),Ctrl,907.3125,10,Fig. 4b
MAS98.06,Ctrl (HB131:5),Ctrl,912.375,14,Fig. 4b
MAS98.06,Ctrl (HB131:5),Ctrl,1081.25,16,Fig. 4b
MAS98.06,Ctrl (HB131:5),Ctrl,1283.9375,20,Fig. 4b
MAS98.06,Ctrl (HB131:5),Ctrl,1559.625,23,Fig. 4b
MAS98.06,Ctrl (HB131:5),Ctrl,1693.1875,28,Fig. 4b
MAS98.06,Ctrl (HB131:6),Ctrl,232.75,0,Fig. 4b
MAS98.06,Ctrl (HB131:6),Ctrl,300,3,Fig. 4b
MAS98.06,Ctrl (HB131:6),Ctrl,392,7,Fig. 4b
MAS98.06,Ctrl (HB131:6),Ctrl,618.75,10,Fig. 4b
MAS98.06,Ctrl (HB131:6),Ctrl,753,14,Fig. 4b
MAS98.06,Ctrl (HB131:6),Ctrl,591.75,16,Fig. 4b
MAS98.06,Ctrl (HB131:6),Ctrl,1088.6875,20,Fig. 4b
MAS98.06,Ctrl (HB131:6),Ctrl,1126.25,23,Fig. 4b
MAS98.06,Ctrl (HB131:6),Ctrl,1011.9375,28,Fig. 4b
MAS98.06,Ctrl (HB134:2),Ctrl,208.25,0,Fig. 4b
MAS98.06,Ctrl (HB134:2),Ctrl,253.125,4,Fig. 4b
MAS98.06,Ctrl (HB134:2),Ctrl,253.125,7,Fig. 4b
MAS98.06,Ctrl (HB134:2),Ctrl,126.75,11,Fig. 4b
MAS98.06,Ctrl (HB134:2),Ctrl,196,14,Fig. 4b
MAS98.06,Ctrl (HB134:2),Ctrl,304,18,Fig. 4b
MAS98.06,Ctrl (HB134:2),Ctrl,320,21,Fig. 4b
MAS98.06,Ctrl (HB134:2),Ctrl,325.125,25,Fig. 4b
MAS98.06,Ctrl (HB134:2),Ctrl,158.4375,28,Fig. 4b
MAS98.06,Fulv (HB112:4),Fulv,352,0,Fig. 4b
MAS98.06,Fulv (HB112:4),Fulv,433.5,3,Fig. 4b
MAS98.06,Fulv (HB112:4),Fulv,365.625,7,Fig. 4b
MAS98.06,Fulv (HB112:4),Fulv,448,11,Fig. 4b
MAS98.06,Fulv (HB112:4),Fulv,384,14,Fig. 4b
MAS98.06,Fulv (HB112:4),Fulv,416,17,Fig. 4b
MAS98.06,Fulv (HB112:4),Fulv,567,21,Fig. 4b
MAS98.06,Fulv (HB112:4),Fulv,567,24,Fig. 4b
MAS98.06,Fulv (HB112:4),Fulv,323.4375,28,Fig. 4b
MAS98.06,Fulv (HB119:1),Fulv,414.5,0,Fig. 4b
MAS98.06,Fulv (HB119:1),Fulv,428,3,Fig. 4b
MAS98.06,Fulv (HB119:1),Fulv,617,7,Fig. 4b
MAS98.06,Fulv (HB119:1),Fulv,520.5,10,Fig. 4b
MAS98.06,Fulv (HB119:1),Fulv,553.5,14,Fig. 4b
MAS98.06,Fulv (HB119:1),Fulv,454.3125,17,Fig. 4b
MAS98.06,Fulv (HB119:1),Fulv,396,21,Fig. 4b
MAS98.06,Fulv (HB119:1),Fulv,508,24,Fig. 4b
MAS98.06,Fulv (HB119:2),Fulv,499,0,Fig. 4b
MAS98.06,Fulv (HB119:2),Fulv,496,3,Fig. 4b
MAS98.06,Fulv (HB119:2),Fulv,625.5,7,Fig. 4b
MAS98.06,Fulv (HB119:2),Fulv,544,10,Fig. 4b
MAS98.06,Fulv (HB119:2),Fulv,473,14,Fig. 4b
MAS98.06,Fulv (HB119:2),Fulv,398,17,Fig. 4b
MAS98.06,Fulv (HB119:2),Fulv,441,21,Fig. 4b
MAS98.06,Fulv (HB119:2),Fulv,376.375,24,Fig. 4b
MAS98.06,Fulv (HB119:3),Fulv,407,0,Fig. 4b
MAS98.06,Fulv (HB119:3),Fulv,407,3,Fig. 4b
MAS98.06,Fulv (HB119:3),Fulv,382.5,7,Fig. 4b
MAS98.06,Fulv (HB119:3),Fulv,514,10,Fig. 4b
MAS98.06,Fulv (HB119:3),Fulv,886,14,Fig. 4b
MAS98.06,Fulv (HB119:3),Fulv,455,17,Fig. 4b
MAS98.06,Fulv (HB119:3),Fulv,496,21,Fig. 4b
MAS98.06,Fulv (HB119:3),Fulv,465.5,24,Fig. 4b
MAS98.06,Fulv (HB119:3),Fulv,212.5,28,Fig. 4b
MAS98.06,Fulv (HB134:3),Fulv,245,0,Fig. 4b
MAS98.06,Fulv (HB134:3),Fulv,148,4,Fig. 4b
MAS98.06,Fulv (HB134:3),Fulv,292,7,Fig. 4b
MAS98.06,Fulv (HB134:3),Fulv,90.75,11,Fig. 4b
MAS98.06,Fulv (HB134:3),Fulv,36.5,14,Fig. 4b
MAS98.06,Fulv (HB134:3),Fulv,257.125,18,Fig. 4b
MAS98.06,Fulv (HB134:3),Fulv,246.25,21,Fig. 4b
MAS98.06,Her (HB124:5),Her,200.6875,0,Fig. 4b
MAS98.06,Her (HB124:5),Her,309.375,3,Fig. 4b
MAS98.06,Her (HB124:5),Her,295.3125,7,Fig. 4b
MAS98.06,Her (HB124:5),Her,415.4375,11,Fig. 4b
MAS98.06,Her (HB124:5),Her,384,14,Fig. 4b
MAS98.06,Her (HB124:5),Her,433.5,17,Fig. 4b
MAS98.06,Her (HB124:5),Her,397.375,18,Fig. 4b
MAS98.06,Her (HB127:3),Her,112.5,0,Fig. 4b
MAS98.06,Her (HB127:3),Her,200.6875,3,Fig. 4b
MAS98.06,Her (HB127:3),Her,245,7,Fig. 4b
MAS98.06,Her (HB127:3),Her,245,11,Fig. 4b
MAS98.06,Her (HB127:3),Her,473.8125,14,Fig. 4b
MAS98.06,Her (HB127:3),Her,368,17,Fig. 4b
MAS98.06,Her (HB127:3),Her,379.3125,18,Fig. 4b
MAS98.06,Her (HB128:1),Her,364.5,0,Fig. 4b
MAS98.06,Her (HB128:1),Her,478.4375,4,Fig. 4b
MAS98.06,Her (HB128:1),Her,411.9375,7,Fig. 4b
MAS98.06,Her (HB128:1),Her,633.25,11,Fig. 4b
MAS98.06,Her (HB128:1),Her,689.5,15,Fig. 4b
MAS98.06,Her (HB128:1),Her,551.25,18,Fig. 4b
MAS98.06,Her (HB131:1),Her,283.5,0,Fig. 4b
MAS98.06,Her (HB131:1),Her,256,3,Fig. 4b
MAS98.06,Her (HB131:1),Her,451.875,7,Fig. 4b
MAS98.06,Her (HB131:1),Her,439.6875,10,Fig. 4b
MAS98.06,Her (HB131:1),Her,633.25,14,Fig. 4b
MAS98.06,Her (HB131:1),Her,678.375,16,Fig. 4b
MAS98.06,Her (HB135:2),Her,283,0,Fig. 4b
MAS98.06,Her (HB135:2),Her,528.25,4,Fig. 4b
MAS98.06,Her (HB135:2),Her,460.5625,7,Fig. 4b
MAS98.06,Her (HB135:2),Her,214.25,11,Fig. 4b
MAS98.06,Her (HB135:2),Her,158.9375,14,Fig. 4b
MAS98.06,Her (HB135:2),Her,446,18,Fig. 4b
MAS98.06,Her (HB135:2),Her,658.125,21,Fig. 4b
MAS98.06,Her_Fulv (HB112:2),Her_Fulv,463.5,0,Fig. 4b
MAS98.06,Her_Fulv (HB112:2),Her_Fulv,626.625,3,Fig. 4b
MAS98.06,Her_Fulv (HB112:2),Her_Fulv,665,7,Fig. 4b
MAS98.06,Her_Fulv (HB112:2),Her_Fulv,568.648,9,Fig. 4b
MAS98.06,Her_Fulv (HB112:5),Her_Fulv,669.75,0,Fig. 4b
MAS98.06,Her_Fulv (HB112:5),Her_Fulv,623.25,3,Fig. 4b
MAS98.06,Her_Fulv (HB112:5),Her_Fulv,619.6875,7,Fig. 4b
MAS98.06,Her_Fulv (HB112:5),Her_Fulv,717.1875,11,Fig. 4b
MAS98.06,Her_Fulv (HB112:5),Her_Fulv,747.875,14,Fig. 4b
MAS98.06,Her_Fulv (HB112:5),Her_Fulv,698,17,Fig. 4b
MAS98.06,Her_Fulv (HB112:5),Her_Fulv,826,21,Fig. 4b
MAS98.06,Her_Fulv (HB112:5),Her_Fulv,896,24,Fig. 4b
MAS98.06,Her_Fulv (HB112:5),Her_Fulv,578.9375,28,Fig. 4b
MAS98.06,Her_Fulv (HB122:1),Her_Fulv,606.5,0,Fig. 4b
MAS98.06,Her_Fulv (HB122:1),Her_Fulv,490,3,Fig. 4b
MAS98.06,Her_Fulv (HB122:1),Her_Fulv,572.5,7,Fig. 4b
MAS98.06,Her_Fulv (HB122:1),Her_Fulv,571.625,10,Fig. 4b
MAS98.06,Her_Fulv (HB122:1),Her_Fulv,887.75,14,Fig. 4b
MAS98.06,Her_Fulv (HB122:1),Her_Fulv,838.5,17,Fig. 4b
MAS98.06,Her_Fulv (HB122:1),Her_Fulv,885.0625,21,Fig. 4b
MAS98.06,Her_Fulv (HB122:1),Her_Fulv,1012.5,24,Fig. 4b
MAS98.06,Her_Fulv (HB122:1),Her_Fulv,1012.5,28,Fig. 4b
MAS98.06,Her_Fulv (HB122:5),Her_Fulv,407,0,Fig. 4b
MAS98.06,Her_Fulv (HB122:5),Her_Fulv,452,3,Fig. 4b
MAS98.06,Her_Fulv (HB122:5),Her_Fulv,573.125,7,Fig. 4b
MAS98.06,Her_Fulv (HB122:5),Her_Fulv,540.5,10,Fig. 4b
MAS98.06,Her_Fulv (HB122:5),Her_Fulv,565,14,Fig. 4b
MAS98.06,Her_Fulv (HB122:5),Her_Fulv,601.25,17,Fig. 4b
MAS98.06,Her_Fulv (HB122:5),Her_Fulv,615.3125,21,Fig. 4b
MAS98.06,Her_Fulv (HB122:5),Her_Fulv,980.25,24,Fig. 4b
MAS98.06,Her_Fulv (HB122:5),Her_Fulv,524.4375,28,Fig. 4b
MAS98.06,Her_Fulv (HB124:3),Her_Fulv,306.3125,0,Fig. 4b
MAS98.06,Her_Fulv (HB124:3),Her_Fulv,297,3,Fig. 4b
MAS98.06,Her_Fulv (HB124:3),Her_Fulv,306,7,Fig. 4b
MAS98.06,Her_Fulv (HB124:3),Her_Fulv,340,11,Fig. 4b
MAS98.06,Her_Fulv (HB124:3),Her_Fulv,441,14,Fig. 4b
MAS98.06,Her_Fulv (HB124:3),Her_Fulv,410.0625,17,Fig. 4b
MAS98.06,Her_Fulv (HB124:3),Her_Fulv,365,18,Fig. 4b
MAS98.06,Her_Fulv (HB124:4),Her_Fulv,165.75,0,Fig. 4b
MAS98.06,Her_Fulv (HB124:4),Her_Fulv,207.75,3,Fig. 4b
MAS98.06,Her_Fulv (HB124:4),Her_Fulv,300.75,7,Fig. 4b
MAS98.06,Her_Fulv (HB124:4),Her_Fulv,318.9375,11,Fig. 4b
MAS98.06,Her_Fulv (HB124:4),Her_Fulv,386.9375,14,Fig. 4b
MAS98.06,Her_Fulv (HB124:4),Her_Fulv,346.5,17,Fig. 4b
MAS98.06,Her_Fulv (HB124:4),Her_Fulv,390.4375,18,Fig. 4b
MAS98.06,Her_Fulv (HB124:6),Her_Fulv,183.1875,0,Fig. 4b
MAS98.06,Her_Fulv (HB124:6),Her_Fulv,299.3125,3,Fig. 4b
MAS98.06,Her_Fulv (HB124:6),Her_Fulv,264.6875,7,Fig. 4b
MAS98.06,Her_Fulv (HB124:6),Her_Fulv,385,11,Fig. 4b
MAS98.06,Her_Fulv (HB124:6),Her_Fulv,388.125,14,Fig. 4b
MAS98.06,Her_Fulv (HB124:6),Her_Fulv,470.1875,17,Fig. 4b
MAS98.06,Her_Fulv (HB124:6),Her_Fulv,450.3125,21,Fig. 4b
MAS98.06,Her_Fulv (HB124:6),Her_Fulv,614.75,22,Fig. 4b
MAS98.06,Her_Fulv (HB135:3),Her_Fulv,311.25,0,Fig. 4b
MAS98.06,Her_Fulv (HB135:3),Her_Fulv,343.875,4,Fig. 4b
MAS98.06,Her_Fulv (HB135:3),Her_Fulv,379.125,7,Fig. 4b
MAS98.06,Her_Fulv (HB135:3),Her_Fulv,87.25,11,Fig. 4b
MAS98.06,Her_Fulv (HB135:3),Her_Fulv,132,14,Fig. 4b
MAS98.06,Her_Fulv (HB135:3),Her_Fulv,487.25,18,Fig. 4b
MAS98.06,Her_Fulv (HB135:3),Her_Fulv,573.75,21,Fig. 4b
MAS98.06,EGF (HB118:1),EGF,629,0,Fig. 4b
MAS98.06,EGF (HB118:1),EGF,629,3,Fig. 4b
MAS98.06,EGF (HB118:1),EGF,771.5,7,Fig. 4b
MAS98.06,EGF (HB118:1),EGF,535.5,10,Fig. 4b
MAS98.06,EGF (HB118:1),EGF,1176.875,14,Fig. 4b
MAS98.06,EGF (HB118:1),EGF,787.5,17,Fig. 4b
MAS98.06,EGF (HB118:1),EGF,992.9375,18,Fig. 4b
MAS98.06,EGF (HB118:2),EGF,491.5,0,Fig. 4b
MAS98.06,EGF (HB118:2),EGF,459.5,3,Fig. 4b
MAS98.06,EGF (HB118:2),EGF,441,7,Fig. 4b
MAS98.06,EGF (HB118:2),EGF,838,10,Fig. 4b
MAS98.06,EGF (HB118:2),EGF,701.5,14,Fig. 4b
MAS98.06,EGF (HB118:2),EGF,665.5625,17,Fig. 4b
MAS98.06,EGF (HB118:2),EGF,770,18,Fig. 4b
MAS98.06,EGF (HB121:1),EGF,594,3,Fig. 4b
MAS98.06,EGF (HB121:1),EGF,492,7,Fig. 4b
MAS98.06,EGF (HB121:1),EGF,637.125,10,Fig. 4b
MAS98.06,EGF (HB121:1),EGF,819,14,Fig. 4b
MAS98.06,EGF (HB121:1),EGF,1022,17,Fig. 4b
MAS98.06,EGF (HB121:1),EGF,955.6875,18,Fig. 4b
MAS98.06,EGF (HB132:1),EGF,126,0,Fig. 4b
MAS98.06,EGF (HB132:1),EGF,169,3,Fig. 4b
MAS98.06,EGF (HB132:1),EGF,169,6,Fig. 4b
MAS98.06,EGF (HB132:1),EGF,169,10,Fig. 4b
MAS98.06,EGF (HB132:1),EGF,253.125,14,Fig. 4b
MAS98.06,EGF (HB132:1),EGF,445.5,16,Fig. 4b
MAS98.06,EGF (HB134:1),EGF,306.3125,0,Fig. 4b
MAS98.06,EGF (HB134:1),EGF,345.5625,4,Fig. 4b
MAS98.06,EGF (HB134:1),EGF,391.1875,7,Fig. 4b
MAS98.06,EGF (HB134:1),EGF,201,11,Fig. 4b
MAS98.06,EGF (HB134:1),EGF,491.3125,14,Fig. 4b
MAS98.06,EGF (HB134:1),EGF,438.5,18,Fig. 4b
MAS98.06,EGF (HB134:1),EGF,676.5625,21,Fig. 4b
MAS98.06,EGF (HB134:1),EGF,480.875,25,Fig. 4b
MAS98.06,EGF (HB134:1),EGF,521,28,Fig. 4b
MAS98.06,EGF_Fulv (HB119:4),EGF_Fulv,382.5,0,Fig. 4b
MAS98.06,EGF_Fulv (HB119:4),EGF_Fulv,392,3,Fig. 4b
MAS98.06,EGF_Fulv (HB119:4),EGF_Fulv,441,7,Fig. 4b
MAS98.06,EGF_Fulv (HB119:4),EGF_Fulv,304,10,Fig. 4b
MAS98.06,EGF_Fulv (HB119:4),EGF_Fulv,296,14,Fig. 4b
MAS98.06,EGF_Fulv (HB119:4),EGF_Fulv,252,17,Fig. 4b
MAS98.06,EGF_Fulv (HB119:4),EGF_Fulv,354.4375,21,Fig. 4b
MAS98.06,EGF_Fulv (HB119:4),EGF_Fulv,197.5,24,Fig. 4b
MAS98.06,EGF_Fulv (HB119:4),EGF_Fulv,201,28,Fig. 4b
MAS98.06,EGF_Fulv (HB122:2),EGF_Fulv,389,0,Fig. 4b
MAS98.06,EGF_Fulv (HB122:2),EGF_Fulv,501,3,Fig. 4b
MAS98.06,EGF_Fulv (HB122:2),EGF_Fulv,490,7,Fig. 4b
MAS98.06,EGF_Fulv (HB122:2),EGF_Fulv,490,10,Fig. 4b
MAS98.06,EGF_Fulv (HB122:2),EGF_Fulv,565,14,Fig. 4b
MAS98.06,EGF_Fulv (HB122:2),EGF_Fulv,446.4375,17,Fig. 4b
MAS98.06,EGF_Fulv (HB122:2),EGF_Fulv,331,21,Fig. 4b
MAS98.06,EGF_Fulv (HB122:2),EGF_Fulv,408.75,24,Fig. 4b
MAS98.06,EGF_Fulv (HB122:2),EGF_Fulv,173.9375,28,Fig. 4b
MAS98.06,EGF_Fulv (HB122:4),EGF_Fulv,548,0,Fig. 4b
MAS98.06,EGF_Fulv (HB122:4),EGF_Fulv,407,3,Fig. 4b
MAS98.06,EGF_Fulv (HB122:4),EGF_Fulv,540.5,7,Fig. 4b
MAS98.06,EGF_Fulv (HB122:4),EGF_Fulv,489.5,10,Fig. 4b
MAS98.06,EGF_Fulv (HB122:4),EGF_Fulv,428.75,14,Fig. 4b
MAS98.06,EGF_Fulv (HB122:4),EGF_Fulv,455,17,Fig. 4b
MAS98.06,EGF_Fulv (HB122:4),EGF_Fulv,416.5,21,Fig. 4b
MAS98.06,EGF_Fulv (HB122:4),EGF_Fulv,416.5,24,Fig. 4b
MAS98.06,EGF_Fulv (HB122:4),EGF_Fulv,293.4375,28,Fig. 4b
MAS98.06,EGF_Fulv (HB133:1),EGF_Fulv,534.375,0,Fig. 4b
MAS98.06,EGF_Fulv (HB133:1),EGF_Fulv,485.875,4,Fig. 4b
MAS98.06,EGF_Fulv (HB133:1),EGF_Fulv,453.25,7,Fig. 4b
MAS98.06,EGF_Fulv (HB133:1),EGF_Fulv,172,11,Fig. 4b
MAS98.06,EGF_Fulv (HB133:1),EGF_Fulv,601.25,14,Fig. 4b
MAS98.06,EGF_Fulv (HB133:1),EGF_Fulv,656,18,Fig. 4b
MAS98.06,EGF_Fulv (HB133:1),EGF_Fulv,697.25,21,Fig. 4b
MAS98.06,EGF_Fulv (HB133:1),EGF_Fulv,253.75,25,Fig. 4b
MAS98.06,EGF_Fulv (HB133:1),EGF_Fulv,295.75,28,Fig. 4b
MAS98.06,EGF_Fulv (HB135:1),EGF_Fulv,497.75,0,Fig. 4b
MAS98.06,EGF_Fulv (HB135:1),EGF_Fulv,548.5,4,Fig. 4b
MAS98.06,EGF_Fulv (HB135:1),EGF_Fulv,548.5,7,Fig. 4b
MAS98.06,EGF_Fulv (HB135:1),EGF_Fulv,193,11,Fig. 4b
MAS98.06,EGF_Fulv (HB135:1),EGF_Fulv,416,14,Fig. 4b
MAS98.06,EGF_Fulv (HB135:1),EGF_Fulv,416,18,Fig. 4b
MAS98.06,EGF_Fulv (HB135:1),EGF_Fulv,459,21,Fig. 4b
MAS98.06,EGF_Fulv (HB135:1),EGF_Fulv,166,25,Fig. 4b
MAS98.06,EGF_Fulv (HB135:1),EGF_Fulv,166,28,Fig. 4b
MAS98.06,Fulv_Trast (HB142:5),Fulv_Trast,425.25,0,Fig. 4b
MAS98.06,Fulv_Trast (HB142:5),Fulv_Trast,525,4,Fig. 4b
MAS98.06,Fulv_Trast (HB142:5),Fulv_Trast,451.25,7,Fig. 4b
MAS98.06,Fulv_Trast (HB142:5),Fulv_Trast,1366.875,11,Fig. 4b
MAS98.06,Fulv_Trast (HB142:5),Fulv_Trast,496.375,14,Fig. 4b
MAS98.06,Fulv_Trast (HB142:5),Fulv_Trast,564.0625,19,Fig. 4b
MAS98.06,Fulv_Trast (HB142:5),Fulv_Trast,726,21,Fig. 4b
MAS98.06,Fulv_Trast (HB142:5),Fulv_Trast,625,25,Fig. 4b
MAS98.06,Fulv_Trast (HB142:5),Fulv_Trast,496.375,28,Fig. 4b
MAS98.06,Fulv_Trast (HB143:1),Fulv_Trast,384.75,0,Fig. 4b
MAS98.06,Fulv_Trast (HB143:1),Fulv_Trast,343.1875,4,Fig. 4b
MAS98.06,Fulv_Trast (HB143:1),Fulv_Trast,325.125,7,Fig. 4b
MAS98.06,Fulv_Trast (HB143:1),Fulv_Trast,343.1875,11,Fig. 4b
MAS98.06,Fulv_Trast (HB143:1),Fulv_Trast,288,14,Fig. 4b
MAS98.06,Fulv_Trast (HB143:1),Fulv_Trast,695.75,19,Fig. 4b
MAS98.06,Fulv_Trast (HB143:1),Fulv_Trast,500,21,Fig. 4b
MAS98.06,Fulv_Trast (HB143:1),Fulv_Trast,550,25,Fig. 4b
MAS98.06,Fulv_Trast (HB143:1),Fulv_Trast,554,28,Fig. 4b
MAS98.06,Fulv_Trast (HB143:3),Fulv_Trast,820,0,Fig. 4b
MAS98.06,Fulv_Trast (HB143:3),Fulv_Trast,286,4,Fig. 4b
MAS98.06,Fulv_Trast (HB143:3),Fulv_Trast,394,7,Fig. 4b
MAS98.06,Fulv_Trast (HB143:3),Fulv_Trast,433.25,11,Fig. 4b
MAS98.06,Fulv_Trast (HB143:3),Fulv_Trast,464.25,14,Fig. 4b
MAS98.06,Fulv_Trast (HB143:3),Fulv_Trast,722.5,19,Fig. 4b
MAS98.06,Fulv_Trast (HB143:3),Fulv_Trast,724,21,Fig. 4b
MAS98.06,Fulv_Trast (HB143:3),Fulv_Trast,802.375,25,Fig. 4b
MAS98.06,Fulv_Trast (HB143:3),Fulv_Trast,717.375,28,Fig. 4b
MAS98.06,Fulv_Trast (HB144:3),Fulv_Trast,135,0,Fig. 4b
MAS98.06,Fulv_Trast (HB144:3),Fulv_Trast,93.75,5,Fig. 4b
MAS98.06,Fulv_Trast (HB144:3),Fulv_Trast,60,8,Fig. 4b
MAS98.06,Fulv_Trast (HB144:3),Fulv_Trast,60,12,Fig. 4b
MAS98.06,Fulv_Trast (HB144:3),Fulv_Trast,180,14,Fig. 4b
MAS98.06,Fulv_Trast (HB144:3),Fulv_Trast,171,19,Fig. 4b
MAS98.06,Fulv_Trast (HB144:3),Fulv_Trast,200.6875,22,Fig. 4b
MAS98.06,Fulv_Trast (HB144:3),Fulv_Trast,200.6875,26,Fig. 4b
MAS98.06,Fulv_Trast (HB144:3),Fulv_Trast,144,28,Fig. 4b
MAS98.06,Fulv_Trast (HB145:2),Fulv_Trast,147.875,0,Fig. 4b
MAS98.06,Fulv_Trast (HB145:2),Fulv_Trast,126,5,Fig. 4b
MAS98.06,Fulv_Trast (HB145:2),Fulv_Trast,126,8,Fig. 4b
MAS98.06,Fulv_Trast (HB145:2),Fulv_Trast,87.5,12,Fig. 4b
MAS98.06,Fulv_Trast (HB145:2),Fulv_Trast,105.875,14,Fig. 4b
MAS98.06,Fulv_Trast (HB145:2),Fulv_Trast,147.875,19,Fig. 4b
MAS98.06,Fulv_Trast (HB145:2),Fulv_Trast,126,22,Fig. 4b
MAS98.06,Fulv_Trast (HB145:2),Fulv_Trast,108,26,Fig. 4b
MAS98.06,Fulv_Trast (HB145:2),Fulv_Trast,75,28,Fig. 4b
MAS98.06,Trast (HB147:5),Trast,263.3125,0,Fig. 4b
MAS98.06,Trast (HB147:5),Trast,128.75,4,Fig. 4b
MAS98.06,Trast (HB147:5),Trast,200.1875,7,Fig. 4b
MAS98.06,Trast (HB147:5),Trast,185.75,11,Fig. 4b
MAS98.06,Trast (HB147:5),Trast,192,14,Fig. 4b
MAS98.06,Trast (HB147:5),Trast,206.3125,18,Fig. 4b
MAS98.06,Trast (HB147:5),Trast,181.5,23,Fig. 4b
MAS98.06,Trast (HB148:2),Trast,455.625,0,Fig. 4b
MAS98.06,Trast (HB148:2),Trast,331.875,2,Fig. 4b
MAS98.06,Trast (HB148:2),Trast,393.25,5,Fig. 4b
MAS98.06,Trast (HB148:2),Trast,401.25,9,Fig. 4b
MAS98.06,Trast (HB148:2),Trast,801,12,Fig. 4b
MAS98.06,Trast (HB148:2),Trast,856,14,Fig. 4b
MAS98.06,Trast (HB150:3),Trast,318.75,0,Fig. 4b
MAS98.06,Trast (HB150:3),Trast,464.0625,3,Fig. 4b
MAS98.06,Trast (HB150:3),Trast,435.0625,6,Fig. 4b
MAS98.06,Trast (HB150:3),Trast,521.125,10,Fig. 4b
MAS98.06,Trast (HB150:3),Trast,473.625,13,Fig. 4b
MAS98.06,Trast (HB150:3),Trast,557.125,17,Fig. 4b
MAS98.06,Trast (HB150:3),Trast,640,20,Fig. 4b
MAS98.06,Trast (HB150:3),Trast,679.1875,22,Fig. 4b
MAS98.06,Trast (HB151:2),Trast,509.125,0,Fig. 4b
MAS98.06,Trast (HB151:2),Trast,464.0625,4,Fig. 4b
MAS98.06,Trast (HB151:2),Trast,861.5,7,Fig. 4b
MAS98.06,Trast (HB151:2),Trast,806,11,Fig. 4b
MAS98.06,Trast (HB151:2),Trast,1055,14,Fig. 4b
MAS98.06,Trast (HB151:2),Trast,1115.75,18,Fig. 4b
MAS98.06,Trast (HB151:2),Trast,1370.9375,22,Fig. 4b
MAS98.06,Trast (HB151:4),Trast,419.875,0,Fig. 4b
MAS98.06,Trast (HB151:4),Trast,322,2,Fig. 4b
MAS98.06,Trast (HB151:4),Trast,309.75,5,Fig. 4b
MAS98.06,Trast (HB151:4),Trast,282.875,9,Fig. 4b
MAS98.06,Trast (HB151:4),Trast,457.75,12,Fig. 4b
MAS98.06,Trast (HB151:4),Trast,550.125,16,Fig. 4b
MAS98.06,Trast (HB151:4),Trast,464.0625,19,Fig. 4b
MAS98.06,Trast (HB151:4),Trast,586.25,23,Fig. 4b
MAS98.06,Trast (HB151:4),Trast,506.25,28,Fig. 4b
MAS98.06,Her_Trast (HB147:1),Her_Trast,201.75,0,Fig. 4b
MAS98.06,Her_Trast (HB147:1),Her_Trast,61.5,4,Fig. 4b
MAS98.06,Her_Trast (HB147:1),Her_Trast,176,7,Fig. 4b
MAS98.06,Her_Trast (HB147:1),Her_Trast,153,11,Fig. 4b
MAS98.06,Her_Trast (HB147:1),Her_Trast,164.5625,14,Fig. 4b
MAS98.06,Her_Trast (HB147:1),Her_Trast,261,18,Fig. 4b
MAS98.06,Her_Trast (HB147:1),Her_Trast,209,23,Fig. 4b
MAS98.06,Her_Trast (HB148:1),Her_Trast,215.3125,0,Fig. 4b
MAS98.06,Her_Trast (HB148:1),Her_Trast,234,2,Fig. 4b
MAS98.06,Her_Trast (HB148:1),Her_Trast,192,5,Fig. 4b
MAS98.06,Her_Trast (HB148:1),Her_Trast,189.0625,9,Fig. 4b
MAS98.06,Her_Trast (HB148:1),Her_Trast,285.1875,12,Fig. 4b
MAS98.06,Her_Trast (HB148:1),Her_Trast,275.4375,16,Fig. 4b
MAS98.06,Her_Trast (HB148:1),Her_Trast,275.4375,19,Fig. 4b
MAS98.06,Her_Trast (HB148:1),Her_Trast,331.625,23,Fig. 4b
MAS98.06,Her_Trast (HB148:1),Her_Trast,358,28,Fig. 4b
MAS98.06,Her_Trast (HB150:1),Her_Trast,396.5,0,Fig. 4b
MAS98.06,Her_Trast (HB150:1),Her_Trast,450,3,Fig. 4b
MAS98.06,Her_Trast (HB150:1),Her_Trast,378,6,Fig. 4b
MAS98.06,Her_Trast (HB150:1),Her_Trast,450,10,Fig. 4b
MAS98.06,Her_Trast (HB150:1),Her_Trast,631.1875,13,Fig. 4b
MAS98.06,Her_Trast (HB150:1),Her_Trast,530.25,17,Fig. 4b
MAS98.06,Her_Trast (HB150:1),Her_Trast,769.125,20,Fig. 4b
MAS98.06,Her_Trast (HB150:1),Her_Trast,672,22,Fig. 4b
MAS98.06,Her_Trast (HB150:2),Her_Trast,386.3125,0,Fig. 4b
MAS98.06,Her_Trast (HB150:2),Her_Trast,379,3,Fig. 4b
MAS98.06,Her_Trast (HB150:2),Her_Trast,433.125,6,Fig. 4b
MAS98.06,Her_Trast (HB150:2),Her_Trast,119.5,10,Fig. 4b
MAS98.06,Her_Trast (HB151:1),Her_Trast,135,0,Fig. 4b
MAS98.06,Her_Trast (HB151:1),Her_Trast,128.5625,4,Fig. 4b
MAS98.06,Her_Trast (HB151:1),Her_Trast,153,7,Fig. 4b
MAS98.06,Her_Trast (HB151:1),Her_Trast,144,11,Fig. 4b
MAS98.06,Her_Trast (HB151:1),Her_Trast,153,14,Fig. 4b
MAS98.06,Her_Trast (HB151:1),Her_Trast,211.25,18,Fig. 4b
MAS98.06,Her_Trast (HB151:1),Her_Trast,281.25,23,Fig. 4b
MAS98.06,Her_Trast (HB151:3),Her_Trast,327.4375,0,Fig. 4b
MAS98.06,Her_Trast (HB151:3),Her_Trast,235.375,2,Fig. 4b
MAS98.06,Her_Trast (HB151:3),Her_Trast,379.75,5,Fig. 4b
MAS98.06,Her_Trast (HB151:3),Her_Trast,314.5625,9,Fig. 4b
MAS98.06,Her_Trast (HB151:3),Her_Trast,647.1875,12,Fig. 4b
MAS98.06,Her_Trast (HB151:3),Her_Trast,578.25,16,Fig. 4b
MAS98.06,Her_Trast (HB151:3),Her_Trast,645.125,19,Fig. 4b
MAS98.06,Her_Trast (HB151:3),Her_Trast,748.6875,23,Fig. 4b
MAS98.06,Her_Trast (HB151:3),Her_Trast,850.5,28,Fig. 4b
